radius_mean,texture_mean,perimeter_mean,area_mean,smoothness_mean,compactness_mean,concavity_mean,concave points_mean,symmetry_mean,fractal_dimension_mean,radius_se,texture_se,perimeter_se,area_se,smoothness_se,compactness_se,concavity_se,concave points_se,symmetry_se,fractal_dimension_se,radius_worst,texture_worst,perimeter_worst,area_worst,smoothness_worst,compactness_worst,concavity_worst,concave points_worst,symmetry_worst,fractal_dimension_worst
17.76698001134494,26.167559093510434,116.98562370668162,1020.723834668134,0.1025329550653412,0.16665087356638775,0.18443891910632038,0.09402391594509035,0.16773776254653933,0.06945288746611834,0.7008983830444059,1.7747077966889409,5.044972081614468,89.9416708094783,0.007982940227126228,0.04525880454252457,0.06672729171048596,0.018558627345048647,0.023200035439495184,0.00509361700730079,25.685224329217228,37.44844099794624,172.6562096311785,1991.9850681899711,0.1426181311403325,0.5570860270834013,0.685953726523563,0.2426005656882823,0.2598397387886047,0.10363689948281778
